seed,paradigm,n_labels,image_auroc,accuracy
0,unsupervised,0,0.9913,0.9625
0,supervised,2,0.8113,0.5
0,supervised,5,0.9056,0.7
0,supervised,10,0.9181,0.8375
0,supervised,20,0.9869,0.9
0,supervised,40,0.9919,0.9625
0,supervised,53,1.0,0.9875
1,unsupervised,0,0.9738,0.9375
1,supervised,2,0.7481,0.5
1,supervised,5,0.9925,0.65
1,supervised,10,0.9856,0.925
1,supervised,20,0.9931,0.9
1,supervised,40,1.0,0.975
1,supervised,53,0.9994,0.975
2,unsupervised,0,0.9838,0.9375
2,supervised,2,0.6969,0.5
2,supervised,5,0.8931,0.725
2,supervised,10,0.975,0.8875
2,supervised,20,0.975,0.8375
2,supervised,40,0.9994,0.975
2,supervised,53,1.0,1.0
3,unsupervised,0,0.9781,0.9375
3,supervised,2,0.5725,0.5
3,supervised,5,0.7175,0.55
3,supervised,10,0.7331,0.7125
3,supervised,20,0.9563,0.875
3,supervised,40,0.9994,0.9875
3,supervised,53,1.0,1.0
4,unsupervised,0,0.9531,0.9125
4,supervised,2,0.8356,0.5
4,supervised,5,0.9388,0.7875
4,supervised,10,0.9762,0.925
4,supervised,20,0.9888,0.9125
4,supervised,40,0.9969,0.975
4,supervised,53,1.0,1.0
